j_offset	s_duration	s_measure	s_notes	s_intervals	s_isOnset	a_measure	a_duration	a_annotationNumber	a_romanNumeral	a_harmonicRhythm	a_pitchNames	a_bass	a_tenor	a_alto	a_soprano	a_root	a_inversion	a_quality	a_pcset	a_localKey	a_tonicizedKey	a_degree1	a_degree2	measureMisalignment	qualityScoreNotes	qualityNonChordTones	qualityMissingChordTones	qualitySquaredSum	incongruentBass
0.0	0.5	1.0	['C3', 'C4', 'G4', 'E5']	['P1', 'P5', 'M3']	[True, True, True, True]	1.0	1.0	0.0	I	0.0	('C', 'E', 'G')	C	E	G	C	C	0.0	maj	(0, 4, 7)	C	C	1	None	False	['C', 'C', 'G', 'E', 'C', 'C', 'G', 'E', 'C', 'C', 'G', 'E', 'C', 'C', 'G', 'E', 'C', 'B', 'G', 'E', 'C', 'B', 'G', 'E', 'C', 'B', 'G', 'E', 'C', 'B', 'G', 'E']	0.12	0.0	0.02	0.0
0.125	0.5	1.0	['C3', 'C4', 'G4', 'E5']	['P1', 'P5', 'M3']	[False, False, False, False]	1.0	1.0	0.0	I	1.0	('C', 'E', 'G')	C	E	G	C	C	0.0	maj	(0, 4, 7)	C	C	1	None	False	['C', 'C', 'G', 'E', 'C', 'C', 'G', 'E', 'C', 'C', 'G', 'E', 'C', 'C', 'G', 'E', 'C', 'B', 'G', 'E', 'C', 'B', 'G', 'E', 'C', 'B', 'G', 'E', 'C', 'B', 'G', 'E']	0.12	0.0	0.02	0.0
0.25	0.5	1.0	['C3', 'C4', 'G4', 'E5']	['P1', 'P5', 'M3']	[False, False, False, False]	1.0	1.0	0.0	I	2.0	('C', 'E', 'G')	C	E	G	C	C	0.0	maj	(0, 4, 7)	C	C	1	None	False	['C', 'C', 'G', 'E', 'C', 'C', 'G', 'E', 'C', 'C', 'G', 'E', 'C', 'C', 'G', 'E', 'C', 'B', 'G', 'E', 'C', 'B', 'G', 'E', 'C', 'B', 'G', 'E', 'C', 'B', 'G', 'E']	0.12	0.0	0.02	0.0
0.375	0.5	1.0	['C3', 'C4', 'G4', 'E5']	['P1', 'P5', 'M3']	[False, False, False, False]	1.0	1.0	0.0	I	2.0	('C', 'E', 'G')	C	E	G	C	C	0.0	maj	(0, 4, 7)	C	C	1	None	False	['C', 'C', 'G', 'E', 'C', 'C', 'G', 'E', 'C', 'C', 'G', 'E', 'C', 'C', 'G', 'E', 'C', 'B', 'G', 'E', 'C', 'B', 'G', 'E', 'C', 'B', 'G', 'E', 'C', 'B', 'G', 'E']	0.12	0.0	0.02	0.0
0.5	0.5	1.0	['C3', 'B3', 'G4', 'E5']	['M7', 'P5', 'M3']	[False, True, False, False]	1.0	1.0	0.0	I	3.0	('C', 'E', 'G')	C	E	G	C	C	0.0	maj	(0, 4, 7)	C	C	1	None	False	['C', 'C', 'G', 'E', 'C', 'C', 'G', 'E', 'C', 'C', 'G', 'E', 'C', 'C', 'G', 'E', 'C', 'B', 'G', 'E', 'C', 'B', 'G', 'E', 'C', 'B', 'G', 'E', 'C', 'B', 'G', 'E']	0.12	0.0	0.02	0.0
0.625	0.5	1.0	['C3', 'B3', 'G4', 'E5']	['M7', 'P5', 'M3']	[False, False, False, False]	1.0	1.0	0.0	I	3.0	('C', 'E', 'G')	C	E	G	C	C	0.0	maj	(0, 4, 7)	C	C	1	None	False	['C', 'C', 'G', 'E', 'C', 'C', 'G', 'E', 'C', 'C', 'G', 'E', 'C', 'C', 'G', 'E', 'C', 'B', 'G', 'E', 'C', 'B', 'G', 'E', 'C', 'B', 'G', 'E', 'C', 'B', 'G', 'E']	0.12	0.0	0.02	0.0
0.75	0.5	1.0	['C3', 'B3', 'G4', 'E5']	['M7', 'P5', 'M3']	[False, False, False, False]	1.0	1.0	0.0	I	3.0	('C', 'E', 'G')	C	E	G	C	C	0.0	maj	(0, 4, 7)	C	C	1	None	False	['C', 'C', 'G', 'E', 'C', 'C', 'G', 'E', 'C', 'C', 'G', 'E', 'C', 'C', 'G', 'E', 'C', 'B', 'G', 'E', 'C', 'B', 'G', 'E', 'C', 'B', 'G', 'E', 'C', 'B', 'G', 'E']	0.12	0.0	0.02	0.0
0.875	0.5	1.0	['C3', 'B3', 'G4', 'E5']	['M7', 'P5', 'M3']	[False, False, False, False]	1.0	1.0	0.0	I	3.0	('C', 'E', 'G')	C	E	G	C	C	0.0	maj	(0, 4, 7)	C	C	1	None	False	['C', 'C', 'G', 'E', 'C', 'C', 'G', 'E', 'C', 'C', 'G', 'E', 'C', 'C', 'G', 'E', 'C', 'B', 'G', 'E', 'C', 'B', 'G', 'E', 'C', 'B', 'G', 'E', 'C', 'B', 'G', 'E']	0.12	0.0	0.02	0.0
1.0	0.5	1.0	['D3', 'A3', 'F4', 'D5']	['P5', 'm3', 'P1']	[True, True, True, True]	1.0	0.5	1.0	iv	0.0	('D', 'F', 'A')	D	F	A	D	D	0.0	min	(2, 5, 9)	A	a	4	None	False	['D', 'A', 'F', 'D', 'D', 'A', 'F', 'D', 'D', 'A', 'F', 'D', 'D', 'A', 'F', 'D']	0.0	0.0	0.0	0.0
1.125	0.5	1.0	['D3', 'A3', 'F4', 'D5']	['P5', 'm3', 'P1']	[False, False, False, False]	1.0	0.5	1.0	iv	1.0	('D', 'F', 'A')	D	F	A	D	D	0.0	min	(2, 5, 9)	A	a	4	None	False	['D', 'A', 'F', 'D', 'D', 'A', 'F', 'D', 'D', 'A', 'F', 'D', 'D', 'A', 'F', 'D']	0.0	0.0	0.0	0.0
1.25	0.5	1.0	['D3', 'A3', 'F4', 'D5']	['P5', 'm3', 'P1']	[False, False, False, False]	1.0	0.5	1.0	iv	2.0	('D', 'F', 'A')	D	F	A	D	D	0.0	min	(2, 5, 9)	A	a	4	None	False	['D', 'A', 'F', 'D', 'D', 'A', 'F', 'D', 'D', 'A', 'F', 'D', 'D', 'A', 'F', 'D']	0.0	0.0	0.0	0.0
1.375	0.5	1.0	['D3', 'A3', 'F4', 'D5']	['P5', 'm3', 'P1']	[False, False, False, False]	1.0	0.5	1.0	iv	2.0	('D', 'F', 'A')	D	F	A	D	D	0.0	min	(2, 5, 9)	A	a	4	None	False	['D', 'A', 'F', 'D', 'D', 'A', 'F', 'D', 'D', 'A', 'F', 'D', 'D', 'A', 'F', 'D']	0.0	0.0	0.0	0.0
1.5	0.5	1.0	['D3', 'D4', 'F4', 'B4']	['P1', 'm3', 'M6']	[False, True, False, True]	1.0	0.5	2.0	iio	0.0	('D', 'F', 'B')	D	F	B	B	B	1.0	dim	(2, 5, 11)	A	a	2	None	False	['D', 'D', 'F', 'B', 'D', 'D', 'F', 'B', 'D', 'D', 'F', 'B', 'D', 'D', 'F', 'B']	0.0	0.0	0.0	0.0
1.625	0.5	1.0	['D3', 'D4', 'F4', 'B4']	['P1', 'm3', 'M6']	[False, False, False, False]	1.0	0.5	2.0	iio	1.0	('D', 'F', 'B')	D	F	B	B	B	1.0	dim	(2, 5, 11)	A	a	2	None	False	['D', 'D', 'F', 'B', 'D', 'D', 'F', 'B', 'D', 'D', 'F', 'B', 'D', 'D', 'F', 'B']	0.0	0.0	0.0	0.0
1.75	0.5	1.0	['D3', 'D4', 'F4', 'B4']	['P1', 'm3', 'M6']	[False, False, False, False]	1.0	0.5	2.0	iio	2.0	('D', 'F', 'B')	D	F	B	B	B	1.0	dim	(2, 5, 11)	A	a	2	None	False	['D', 'D', 'F', 'B', 'D', 'D', 'F', 'B', 'D', 'D', 'F', 'B', 'D', 'D', 'F', 'B']	0.0	0.0	0.0	0.0
1.875	0.5	1.0	['D3', 'D4', 'F4', 'B4']	['P1', 'm3', 'M6']	[False, False, False, False]	1.0	0.5	2.0	iio	2.0	('D', 'F', 'B')	D	F	B	B	B	1.0	dim	(2, 5, 11)	A	a	2	None	False	['D', 'D', 'F', 'B', 'D', 'D', 'F', 'B', 'D', 'D', 'F', 'B', 'D', 'D', 'F', 'B']	0.0	0.0	0.0	0.0
2.0	1.0	1.0	['E3', 'C#4', 'E4', 'A4']	['M6', 'P1', 'P4']	[True, True, True, True]	1.0	1.0	3.0	Cad	0.0	('E', 'A', 'C#')	E	A	C#	A	A	2.0	maj	(1, 4, 9)	A	A	1	None	False	['E', 'C#', 'E', 'A', 'E', 'C#', 'E', 'A', 'E', 'C#', 'E', 'A', 'E', 'C#', 'E', 'A', 'E', 'C#', 'E', 'A', 'E', 'C#', 'E', 'A', 'E', 'C#', 'E', 'A', 'E', 'C#', 'E', 'A']	0.0	0.0	0.0	0.0
2.125	1.0	1.0	['E3', 'C#4', 'E4', 'A4']	['M6', 'P1', 'P4']	[False, False, False, False]	1.0	1.0	3.0	Cad	1.0	('E', 'A', 'C#')	E	A	C#	A	A	2.0	maj	(1, 4, 9)	A	A	1	None	False	['E', 'C#', 'E', 'A', 'E', 'C#', 'E', 'A', 'E', 'C#', 'E', 'A', 'E', 'C#', 'E', 'A', 'E', 'C#', 'E', 'A', 'E', 'C#', 'E', 'A', 'E', 'C#', 'E', 'A', 'E', 'C#', 'E', 'A']	0.0	0.0	0.0	0.0
2.25	1.0	1.0	['E3', 'C#4', 'E4', 'A4']	['M6', 'P1', 'P4']	[False, False, False, False]	1.0	1.0	3.0	Cad	2.0	('E', 'A', 'C#')	E	A	C#	A	A	2.0	maj	(1, 4, 9)	A	A	1	None	False	['E', 'C#', 'E', 'A', 'E', 'C#', 'E', 'A', 'E', 'C#', 'E', 'A', 'E', 'C#', 'E', 'A', 'E', 'C#', 'E', 'A', 'E', 'C#', 'E', 'A', 'E', 'C#', 'E', 'A', 'E', 'C#', 'E', 'A']	0.0	0.0	0.0	0.0
2.375	1.0	1.0	['E3', 'C#4', 'E4', 'A4']	['M6', 'P1', 'P4']	[False, False, False, False]	1.0	1.0	3.0	Cad	2.0	('E', 'A', 'C#')	E	A	C#	A	A	2.0	maj	(1, 4, 9)	A	A	1	None	False	['E', 'C#', 'E', 'A', 'E', 'C#', 'E', 'A', 'E', 'C#', 'E', 'A', 'E', 'C#', 'E', 'A', 'E', 'C#', 'E', 'A', 'E', 'C#', 'E', 'A', 'E', 'C#', 'E', 'A', 'E', 'C#', 'E', 'A']	0.0	0.0	0.0	0.0
2.5	1.0	1.0	['E3', 'C#4', 'E4', 'A4']	['M6', 'P1', 'P4']	[False, False, False, False]	1.0	1.0	3.0	Cad	3.0	('E', 'A', 'C#')	E	A	C#	A	A	2.0	maj	(1, 4, 9)	A	A	1	None	False	['E', 'C#', 'E', 'A', 'E', 'C#', 'E', 'A', 'E', 'C#', 'E', 'A', 'E', 'C#', 'E', 'A', 'E', 'C#', 'E', 'A', 'E', 'C#', 'E', 'A', 'E', 'C#', 'E', 'A', 'E', 'C#', 'E', 'A']	0.0	0.0	0.0	0.0
2.625	1.0	1.0	['E3', 'C#4', 'E4', 'A4']	['M6', 'P1', 'P4']	[False, False, False, False]	1.0	1.0	3.0	Cad	3.0	('E', 'A', 'C#')	E	A	C#	A	A	2.0	maj	(1, 4, 9)	A	A	1	None	False	['E', 'C#', 'E', 'A', 'E', 'C#', 'E', 'A', 'E', 'C#', 'E', 'A', 'E', 'C#', 'E', 'A', 'E', 'C#', 'E', 'A', 'E', 'C#', 'E', 'A', 'E', 'C#', 'E', 'A', 'E', 'C#', 'E', 'A']	0.0	0.0	0.0	0.0
2.75	1.0	1.0	['E3', 'C#4', 'E4', 'A4']	['M6', 'P1', 'P4']	[False, False, False, False]	1.0	1.0	3.0	Cad	3.0	('E', 'A', 'C#')	E	A	C#	A	A	2.0	maj	(1, 4, 9)	A	A	1	None	False	['E', 'C#', 'E', 'A', 'E', 'C#', 'E', 'A', 'E', 'C#', 'E', 'A', 'E', 'C#', 'E', 'A', 'E', 'C#', 'E', 'A', 'E', 'C#', 'E', 'A', 'E', 'C#', 'E', 'A', 'E', 'C#', 'E', 'A']	0.0	0.0	0.0	0.0
2.875	1.0	1.0	['E3', 'C#4', 'E4', 'A4']	['M6', 'P1', 'P4']	[False, False, False, False]	1.0	1.0	3.0	Cad	3.0	('E', 'A', 'C#')	E	A	C#	A	A	2.0	maj	(1, 4, 9)	A	A	1	None	False	['E', 'C#', 'E', 'A', 'E', 'C#', 'E', 'A', 'E', 'C#', 'E', 'A', 'E', 'C#', 'E', 'A', 'E', 'C#', 'E', 'A', 'E', 'C#', 'E', 'A', 'E', 'C#', 'E', 'A', 'E', 'C#', 'E', 'A']	0.0	0.0	0.0	0.0
3.0	1.0	1.0	['E3', 'B3', 'E4', 'G#4']	['P5', 'P1', 'M3']	[False, True, False, True]	1.0	1.0	4.0	V	0.0	('E', 'G#', 'B')	E	G#	B	E	E	0.0	maj	(4, 8, 11)	A	A	5	None	False	['E', 'B', 'E', 'G#', 'E', 'B', 'E', 'G#', 'E', 'B', 'E', 'G#', 'E', 'B', 'E', 'G#', 'E', 'B', 'E', 'G#', 'E', 'B', 'E', 'G#', 'E', 'B', 'E', 'G#', 'E', 'B', 'E', 'G#']	0.0	0.0	0.0	0.0
3.125	1.0	1.0	['E3', 'B3', 'E4', 'G#4']	['P5', 'P1', 'M3']	[False, False, False, False]	1.0	1.0	4.0	V	1.0	('E', 'G#', 'B')	E	G#	B	E	E	0.0	maj	(4, 8, 11)	A	A	5	None	False	['E', 'B', 'E', 'G#', 'E', 'B', 'E', 'G#', 'E', 'B', 'E', 'G#', 'E', 'B', 'E', 'G#', 'E', 'B', 'E', 'G#', 'E', 'B', 'E', 'G#', 'E', 'B', 'E', 'G#', 'E', 'B', 'E', 'G#']	0.0	0.0	0.0	0.0
3.25	1.0	1.0	['E3', 'B3', 'E4', 'G#4']	['P5', 'P1', 'M3']	[False, False, False, False]	1.0	1.0	4.0	V	2.0	('E', 'G#', 'B')	E	G#	B	E	E	0.0	maj	(4, 8, 11)	A	A	5	None	False	['E', 'B', 'E', 'G#', 'E', 'B', 'E', 'G#', 'E', 'B', 'E', 'G#', 'E', 'B', 'E', 'G#', 'E', 'B', 'E', 'G#', 'E', 'B', 'E', 'G#', 'E', 'B', 'E', 'G#', 'E', 'B', 'E', 'G#']	0.0	0.0	0.0	0.0
3.375	1.0	1.0	['E3', 'B3', 'E4', 'G#4']	['P5', 'P1', 'M3']	[False, False, False, False]	1.0	1.0	4.0	V	2.0	('E', 'G#', 'B')	E	G#	B	E	E	0.0	maj	(4, 8, 11)	A	A	5	None	False	['E', 'B', 'E', 'G#', 'E', 'B', 'E', 'G#', 'E', 'B', 'E', 'G#', 'E', 'B', 'E', 'G#', 'E', 'B', 'E', 'G#', 'E', 'B', 'E', 'G#', 'E', 'B', 'E', 'G#', 'E', 'B', 'E', 'G#']	0.0	0.0	0.0	0.0
3.5	1.0	1.0	['E3', 'B3', 'E4', 'G#4']	['P5', 'P1', 'M3']	[False, False, False, False]	1.0	1.0	4.0	V	3.0	('E', 'G#', 'B')	E	G#	B	E	E	0.0	maj	(4, 8, 11)	A	A	5	None	False	['E', 'B', 'E', 'G#', 'E', 'B', 'E', 'G#', 'E', 'B', 'E', 'G#', 'E', 'B', 'E', 'G#', 'E', 'B', 'E', 'G#', 'E', 'B', 'E', 'G#', 'E', 'B', 'E', 'G#', 'E', 'B', 'E', 'G#']	0.0	0.0	0.0	0.0
3.625	1.0	1.0	['E3', 'B3', 'E4', 'G#4']	['P5', 'P1', 'M3']	[False, False, False, False]	1.0	1.0	4.0	V	3.0	('E', 'G#', 'B')	E	G#	B	E	E	0.0	maj	(4, 8, 11)	A	A	5	None	False	['E', 'B', 'E', 'G#', 'E', 'B', 'E', 'G#', 'E', 'B', 'E', 'G#', 'E', 'B', 'E', 'G#', 'E', 'B', 'E', 'G#', 'E', 'B', 'E', 'G#', 'E', 'B', 'E', 'G#', 'E', 'B', 'E', 'G#']	0.0	0.0	0.0	0.0
3.75	1.0	1.0	['E3', 'B3', 'E4', 'G#4']	['P5', 'P1', 'M3']	[False, False, False, False]	1.0	1.0	4.0	V	3.0	('E', 'G#', 'B')	E	G#	B	E	E	0.0	maj	(4, 8, 11)	A	A	5	None	False	['E', 'B', 'E', 'G#', 'E', 'B', 'E', 'G#', 'E', 'B', 'E', 'G#', 'E', 'B', 'E', 'G#', 'E', 'B', 'E', 'G#', 'E', 'B', 'E', 'G#', 'E', 'B', 'E', 'G#', 'E', 'B', 'E', 'G#']	0.0	0.0	0.0	0.0
3.875	1.0	1.0	['E3', 'B3', 'E4', 'G#4']	['P5', 'P1', 'M3']	[False, False, False, False]	1.0	1.0	4.0	V	3.0	('E', 'G#', 'B')	E	G#	B	E	E	0.0	maj	(4, 8, 11)	A	A	5	None	False	['E', 'B', 'E', 'G#', 'E', 'B', 'E', 'G#', 'E', 'B', 'E', 'G#', 'E', 'B', 'E', 'G#', 'E', 'B', 'E', 'G#', 'E', 'B', 'E', 'G#', 'E', 'B', 'E', 'G#', 'E', 'B', 'E', 'G#']	0.0	0.0	0.0	0.0
4.0	4.0	2.0	['A2', 'C#4', 'E4', 'A4']	['M3', 'P5', 'P1']	[True, True, False, True]	2.0	4.0	5.0	I	0.0	('A', 'C#', 'E')	A	C#	E	A	A	0.0	maj	(1, 4, 9)	A	A	1	None	False	['A', 'C#', 'E', 'A', 'A', 'C#', 'E', 'A', 'A', 'C#', 'E', 'A', 'A', 'C#', 'E', 'A', 'A', 'C#', 'E', 'A', 'A', 'C#', 'E', 'A', 'A', 'C#', 'E', 'A', 'A', 'C#', 'E', 'A', 'A', 'C#', 'E', 'A', 'A', 'C#', 'E', 'A', 'A', 'C#', 'E', 'A', 'A', 'C#', 'E', 'A', 'A', 'C#', 'E', 'A', 'A', 'C#', 'E', 'A', 'A', 'C#', 'E', 'A', 'A', 'C#', 'E', 'A', 'A', 'C#', 'E', 'A', 'A', 'C#', 'E', 'A', 'A', 'C#', 'E', 'A', 'A', 'C#', 'E', 'A', 'A', 'C#', 'E', 'A', 'A', 'C#', 'E', 'A', 'A', 'C#', 'E', 'A', 'A', 'C#', 'E', 'A', 'A', 'C#', 'E', 'A', 'A', 'C#', 'E', 'A', 'A', 'C#', 'E', 'A', 'A', 'C#', 'E', 'A', 'A', 'C#', 'E', 'A', 'A', 'C#', 'E', 'A', 'A', 'C#', 'E', 'A', 'A', 'C#', 'E', 'A']	0.0	0.0	0.0	0.0
4.125	4.0	2.0	['A2', 'C#4', 'E4', 'A4']	['M3', 'P5', 'P1']	[False, False, False, False]	2.0	4.0	5.0	I	1.0	('A', 'C#', 'E')	A	C#	E	A	A	0.0	maj	(1, 4, 9)	A	A	1	None	False	['A', 'C#', 'E', 'A', 'A', 'C#', 'E', 'A', 'A', 'C#', 'E', 'A', 'A', 'C#', 'E', 'A', 'A', 'C#', 'E', 'A', 'A', 'C#', 'E', 'A', 'A', 'C#', 'E', 'A', 'A', 'C#', 'E', 'A', 'A', 'C#', 'E', 'A', 'A', 'C#', 'E', 'A', 'A', 'C#', 'E', 'A', 'A', 'C#', 'E', 'A', 'A', 'C#', 'E', 'A', 'A', 'C#', 'E', 'A', 'A', 'C#', 'E', 'A', 'A', 'C#', 'E', 'A', 'A', 'C#', 'E', 'A', 'A', 'C#', 'E', 'A', 'A', 'C#', 'E', 'A', 'A', 'C#', 'E', 'A', 'A', 'C#', 'E', 'A', 'A', 'C#', 'E', 'A', 'A', 'C#', 'E', 'A', 'A', 'C#', 'E', 'A', 'A', 'C#', 'E', 'A', 'A', 'C#', 'E', 'A', 'A', 'C#', 'E', 'A', 'A', 'C#', 'E', 'A', 'A', 'C#', 'E', 'A', 'A', 'C#', 'E', 'A', 'A', 'C#', 'E', 'A', 'A', 'C#', 'E', 'A']	0.0	0.0	0.0	0.0
4.25	4.0	2.0	['A2', 'C#4', 'E4', 'A4']	['M3', 'P5', 'P1']	[False, False, False, False]	2.0	4.0	5.0	I	2.0	('A', 'C#', 'E')	A	C#	E	A	A	0.0	maj	(1, 4, 9)	A	A	1	None	False	['A', 'C#', 'E', 'A', 'A', 'C#', 'E', 'A', 'A', 'C#', 'E', 'A', 'A', 'C#', 'E', 'A', 'A', 'C#', 'E', 'A', 'A', 'C#', 'E', 'A', 'A', 'C#', 'E', 'A', 'A', 'C#', 'E', 'A', 'A', 'C#', 'E', 'A', 'A', 'C#', 'E', 'A', 'A', 'C#', 'E', 'A', 'A', 'C#', 'E', 'A', 'A', 'C#', 'E', 'A', 'A', 'C#', 'E', 'A', 'A', 'C#', 'E', 'A', 'A', 'C#', 'E', 'A', 'A', 'C#', 'E', 'A', 'A', 'C#', 'E', 'A', 'A', 'C#', 'E', 'A', 'A', 'C#', 'E', 'A', 'A', 'C#', 'E', 'A', 'A', 'C#', 'E', 'A', 'A', 'C#', 'E', 'A', 'A', 'C#', 'E', 'A', 'A', 'C#', 'E', 'A', 'A', 'C#', 'E', 'A', 'A', 'C#', 'E', 'A', 'A', 'C#', 'E', 'A', 'A', 'C#', 'E', 'A', 'A', 'C#', 'E', 'A', 'A', 'C#', 'E', 'A', 'A', 'C#', 'E', 'A']	0.0	0.0	0.0	0.0
4.375	4.0	2.0	['A2', 'C#4', 'E4', 'A4']	['M3', 'P5', 'P1']	[False, False, False, False]	2.0	4.0	5.0	I	2.0	('A', 'C#', 'E')	A	C#	E	A	A	0.0	maj	(1, 4, 9)	A	A	1	None	False	['A', 'C#', 'E', 'A', 'A', 'C#', 'E', 'A', 'A', 'C#', 'E', 'A', 'A', 'C#', 'E', 'A', 'A', 'C#', 'E', 'A', 'A', 'C#', 'E', 'A', 'A', 'C#', 'E', 'A', 'A', 'C#', 'E', 'A', 'A', 'C#', 'E', 'A', 'A', 'C#', 'E', 'A', 'A', 'C#', 'E', 'A', 'A', 'C#', 'E', 'A', 'A', 'C#', 'E', 'A', 'A', 'C#', 'E', 'A', 'A', 'C#', 'E', 'A', 'A', 'C#', 'E', 'A', 'A', 'C#', 'E', 'A', 'A', 'C#', 'E', 'A', 'A', 'C#', 'E', 'A', 'A', 'C#', 'E', 'A', 'A', 'C#', 'E', 'A', 'A', 'C#', 'E', 'A', 'A', 'C#', 'E', 'A', 'A', 'C#', 'E', 'A', 'A', 'C#', 'E', 'A', 'A', 'C#', 'E', 'A', 'A', 'C#', 'E', 'A', 'A', 'C#', 'E', 'A', 'A', 'C#', 'E', 'A', 'A', 'C#', 'E', 'A', 'A', 'C#', 'E', 'A', 'A', 'C#', 'E', 'A']	0.0	0.0	0.0	0.0
4.5	4.0	2.0	['A2', 'C#4', 'E4', 'A4']	['M3', 'P5', 'P1']	[False, False, False, False]	2.0	4.0	5.0	I	3.0	('A', 'C#', 'E')	A	C#	E	A	A	0.0	maj	(1, 4, 9)	A	A	1	None	False	['A', 'C#', 'E', 'A', 'A', 'C#', 'E', 'A', 'A', 'C#', 'E', 'A', 'A', 'C#', 'E', 'A', 'A', 'C#', 'E', 'A', 'A', 'C#', 'E', 'A', 'A', 'C#', 'E', 'A', 'A', 'C#', 'E', 'A', 'A', 'C#', 'E', 'A', 'A', 'C#', 'E', 'A', 'A', 'C#', 'E', 'A', 'A', 'C#', 'E', 'A', 'A', 'C#', 'E', 'A', 'A', 'C#', 'E', 'A', 'A', 'C#', 'E', 'A', 'A', 'C#', 'E', 'A', 'A', 'C#', 'E', 'A', 'A', 'C#', 'E', 'A', 'A', 'C#', 'E', 'A', 'A', 'C#', 'E', 'A', 'A', 'C#', 'E', 'A', 'A', 'C#', 'E', 'A', 'A', 'C#', 'E', 'A', 'A', 'C#', 'E', 'A', 'A', 'C#', 'E', 'A', 'A', 'C#', 'E', 'A', 'A', 'C#', 'E', 'A', 'A', 'C#', 'E', 'A', 'A', 'C#', 'E', 'A', 'A', 'C#', 'E', 'A', 'A', 'C#', 'E', 'A', 'A', 'C#', 'E', 'A']	0.0	0.0	0.0	0.0
4.625	4.0	2.0	['A2', 'C#4', 'E4', 'A4']	['M3', 'P5', 'P1']	[False, False, False, False]	2.0	4.0	5.0	I	3.0	('A', 'C#', 'E')	A	C#	E	A	A	0.0	maj	(1, 4, 9)	A	A	1	None	False	['A', 'C#', 'E', 'A', 'A', 'C#', 'E', 'A', 'A', 'C#', 'E', 'A', 'A', 'C#', 'E', 'A', 'A', 'C#', 'E', 'A', 'A', 'C#', 'E', 'A', 'A', 'C#', 'E', 'A', 'A', 'C#', 'E', 'A', 'A', 'C#', 'E', 'A', 'A', 'C#', 'E', 'A', 'A', 'C#', 'E', 'A', 'A', 'C#', 'E', 'A', 'A', 'C#', 'E', 'A', 'A', 'C#', 'E', 'A', 'A', 'C#', 'E', 'A', 'A', 'C#', 'E', 'A', 'A', 'C#', 'E', 'A', 'A', 'C#', 'E', 'A', 'A', 'C#', 'E', 'A', 'A', 'C#', 'E', 'A', 'A', 'C#', 'E', 'A', 'A', 'C#', 'E', 'A', 'A', 'C#', 'E', 'A', 'A', 'C#', 'E', 'A', 'A', 'C#', 'E', 'A', 'A', 'C#', 'E', 'A', 'A', 'C#', 'E', 'A', 'A', 'C#', 'E', 'A', 'A', 'C#', 'E', 'A', 'A', 'C#', 'E', 'A', 'A', 'C#', 'E', 'A', 'A', 'C#', 'E', 'A']	0.0	0.0	0.0	0.0
4.75	4.0	2.0	['A2', 'C#4', 'E4', 'A4']	['M3', 'P5', 'P1']	[False, False, False, False]	2.0	4.0	5.0	I	3.0	('A', 'C#', 'E')	A	C#	E	A	A	0.0	maj	(1, 4, 9)	A	A	1	None	False	['A', 'C#', 'E', 'A', 'A', 'C#', 'E', 'A', 'A', 'C#', 'E', 'A', 'A', 'C#', 'E', 'A', 'A', 'C#', 'E', 'A', 'A', 'C#', 'E', 'A', 'A', 'C#', 'E', 'A', 'A', 'C#', 'E', 'A', 'A', 'C#', 'E', 'A', 'A', 'C#', 'E', 'A', 'A', 'C#', 'E', 'A', 'A', 'C#', 'E', 'A', 'A', 'C#', 'E', 'A', 'A', 'C#', 'E', 'A', 'A', 'C#', 'E', 'A', 'A', 'C#', 'E', 'A', 'A', 'C#', 'E', 'A', 'A', 'C#', 'E', 'A', 'A', 'C#', 'E', 'A', 'A', 'C#', 'E', 'A', 'A', 'C#', 'E', 'A', 'A', 'C#', 'E', 'A', 'A', 'C#', 'E', 'A', 'A', 'C#', 'E', 'A', 'A', 'C#', 'E', 'A', 'A', 'C#', 'E', 'A', 'A', 'C#', 'E', 'A', 'A', 'C#', 'E', 'A', 'A', 'C#', 'E', 'A', 'A', 'C#', 'E', 'A', 'A', 'C#', 'E', 'A', 'A', 'C#', 'E', 'A']	0.0	0.0	0.0	0.0
4.875	4.0	2.0	['A2', 'C#4', 'E4', 'A4']	['M3', 'P5', 'P1']	[False, False, False, False]	2.0	4.0	5.0	I	3.0	('A', 'C#', 'E')	A	C#	E	A	A	0.0	maj	(1, 4, 9)	A	A	1	None	False	['A', 'C#', 'E', 'A', 'A', 'C#', 'E', 'A', 'A', 'C#', 'E', 'A', 'A', 'C#', 'E', 'A', 'A', 'C#', 'E', 'A', 'A', 'C#', 'E', 'A', 'A', 'C#', 'E', 'A', 'A', 'C#', 'E', 'A', 'A', 'C#', 'E', 'A', 'A', 'C#', 'E', 'A', 'A', 'C#', 'E', 'A', 'A', 'C#', 'E', 'A', 'A', 'C#', 'E', 'A', 'A', 'C#', 'E', 'A', 'A', 'C#', 'E', 'A', 'A', 'C#', 'E', 'A', 'A', 'C#', 'E', 'A', 'A', 'C#', 'E', 'A', 'A', 'C#', 'E', 'A', 'A', 'C#', 'E', 'A', 'A', 'C#', 'E', 'A', 'A', 'C#', 'E', 'A', 'A', 'C#', 'E', 'A', 'A', 'C#', 'E', 'A', 'A', 'C#', 'E', 'A', 'A', 'C#', 'E', 'A', 'A', 'C#', 'E', 'A', 'A', 'C#', 'E', 'A', 'A', 'C#', 'E', 'A', 'A', 'C#', 'E', 'A', 'A', 'C#', 'E', 'A', 'A', 'C#', 'E', 'A']	0.0	0.0	0.0	0.0
5.0	4.0	2.0	['A2', 'C#4', 'E4', 'A4']	['M3', 'P5', 'P1']	[False, False, False, False]	2.0	4.0	5.0	I	4.0	('A', 'C#', 'E')	A	C#	E	A	A	0.0	maj	(1, 4, 9)	A	A	1	None	False	['A', 'C#', 'E', 'A', 'A', 'C#', 'E', 'A', 'A', 'C#', 'E', 'A', 'A', 'C#', 'E', 'A', 'A', 'C#', 'E', 'A', 'A', 'C#', 'E', 'A', 'A', 'C#', 'E', 'A', 'A', 'C#', 'E', 'A', 'A', 'C#', 'E', 'A', 'A', 'C#', 'E', 'A', 'A', 'C#', 'E', 'A', 'A', 'C#', 'E', 'A', 'A', 'C#', 'E', 'A', 'A', 'C#', 'E', 'A', 'A', 'C#', 'E', 'A', 'A', 'C#', 'E', 'A', 'A', 'C#', 'E', 'A', 'A', 'C#', 'E', 'A', 'A', 'C#', 'E', 'A', 'A', 'C#', 'E', 'A', 'A', 'C#', 'E', 'A', 'A', 'C#', 'E', 'A', 'A', 'C#', 'E', 'A', 'A', 'C#', 'E', 'A', 'A', 'C#', 'E', 'A', 'A', 'C#', 'E', 'A', 'A', 'C#', 'E', 'A', 'A', 'C#', 'E', 'A', 'A', 'C#', 'E', 'A', 'A', 'C#', 'E', 'A', 'A', 'C#', 'E', 'A', 'A', 'C#', 'E', 'A']	0.0	0.0	0.0	0.0
5.125	4.0	2.0	['A2', 'C#4', 'E4', 'A4']	['M3', 'P5', 'P1']	[False, False, False, False]	2.0	4.0	5.0	I	4.0	('A', 'C#', 'E')	A	C#	E	A	A	0.0	maj	(1, 4, 9)	A	A	1	None	False	['A', 'C#', 'E', 'A', 'A', 'C#', 'E', 'A', 'A', 'C#', 'E', 'A', 'A', 'C#', 'E', 'A', 'A', 'C#', 'E', 'A', 'A', 'C#', 'E', 'A', 'A', 'C#', 'E', 'A', 'A', 'C#', 'E', 'A', 'A', 'C#', 'E', 'A', 'A', 'C#', 'E', 'A', 'A', 'C#', 'E', 'A', 'A', 'C#', 'E', 'A', 'A', 'C#', 'E', 'A', 'A', 'C#', 'E', 'A', 'A', 'C#', 'E', 'A', 'A', 'C#', 'E', 'A', 'A', 'C#', 'E', 'A', 'A', 'C#', 'E', 'A', 'A', 'C#', 'E', 'A', 'A', 'C#', 'E', 'A', 'A', 'C#', 'E', 'A', 'A', 'C#', 'E', 'A', 'A', 'C#', 'E', 'A', 'A', 'C#', 'E', 'A', 'A', 'C#', 'E', 'A', 'A', 'C#', 'E', 'A', 'A', 'C#', 'E', 'A', 'A', 'C#', 'E', 'A', 'A', 'C#', 'E', 'A', 'A', 'C#', 'E', 'A', 'A', 'C#', 'E', 'A', 'A', 'C#', 'E', 'A']	0.0	0.0	0.0	0.0
5.25	4.0	2.0	['A2', 'C#4', 'E4', 'A4']	['M3', 'P5', 'P1']	[False, False, False, False]	2.0	4.0	5.0	I	4.0	('A', 'C#', 'E')	A	C#	E	A	A	0.0	maj	(1, 4, 9)	A	A	1	None	False	['A', 'C#', 'E', 'A', 'A', 'C#', 'E', 'A', 'A', 'C#', 'E', 'A', 'A', 'C#', 'E', 'A', 'A', 'C#', 'E', 'A', 'A', 'C#', 'E', 'A', 'A', 'C#', 'E', 'A', 'A', 'C#', 'E', 'A', 'A', 'C#', 'E', 'A', 'A', 'C#', 'E', 'A', 'A', 'C#', 'E', 'A', 'A', 'C#', 'E', 'A', 'A', 'C#', 'E', 'A', 'A', 'C#', 'E', 'A', 'A', 'C#', 'E', 'A', 'A', 'C#', 'E', 'A', 'A', 'C#', 'E', 'A', 'A', 'C#', 'E', 'A', 'A', 'C#', 'E', 'A', 'A', 'C#', 'E', 'A', 'A', 'C#', 'E', 'A', 'A', 'C#', 'E', 'A', 'A', 'C#', 'E', 'A', 'A', 'C#', 'E', 'A', 'A', 'C#', 'E', 'A', 'A', 'C#', 'E', 'A', 'A', 'C#', 'E', 'A', 'A', 'C#', 'E', 'A', 'A', 'C#', 'E', 'A', 'A', 'C#', 'E', 'A', 'A', 'C#', 'E', 'A', 'A', 'C#', 'E', 'A']	0.0	0.0	0.0	0.0
5.375	4.0	2.0	['A2', 'C#4', 'E4', 'A4']	['M3', 'P5', 'P1']	[False, False, False, False]	2.0	4.0	5.0	I	4.0	('A', 'C#', 'E')	A	C#	E	A	A	0.0	maj	(1, 4, 9)	A	A	1	None	False	['A', 'C#', 'E', 'A', 'A', 'C#', 'E', 'A', 'A', 'C#', 'E', 'A', 'A', 'C#', 'E', 'A', 'A', 'C#', 'E', 'A', 'A', 'C#', 'E', 'A', 'A', 'C#', 'E', 'A', 'A', 'C#', 'E', 'A', 'A', 'C#', 'E', 'A', 'A', 'C#', 'E', 'A', 'A', 'C#', 'E', 'A', 'A', 'C#', 'E', 'A', 'A', 'C#', 'E', 'A', 'A', 'C#', 'E', 'A', 'A', 'C#', 'E', 'A', 'A', 'C#', 'E', 'A', 'A', 'C#', 'E', 'A', 'A', 'C#', 'E', 'A', 'A', 'C#', 'E', 'A', 'A', 'C#', 'E', 'A', 'A', 'C#', 'E', 'A', 'A', 'C#', 'E', 'A', 'A', 'C#', 'E', 'A', 'A', 'C#', 'E', 'A', 'A', 'C#', 'E', 'A', 'A', 'C#', 'E', 'A', 'A', 'C#', 'E', 'A', 'A', 'C#', 'E', 'A', 'A', 'C#', 'E', 'A', 'A', 'C#', 'E', 'A', 'A', 'C#', 'E', 'A', 'A', 'C#', 'E', 'A']	0.0	0.0	0.0	0.0
5.5	4.0	2.0	['A2', 'C#4', 'E4', 'A4']	['M3', 'P5', 'P1']	[False, False, False, False]	2.0	4.0	5.0	I	4.0	('A', 'C#', 'E')	A	C#	E	A	A	0.0	maj	(1, 4, 9)	A	A	1	None	False	['A', 'C#', 'E', 'A', 'A', 'C#', 'E', 'A', 'A', 'C#', 'E', 'A', 'A', 'C#', 'E', 'A', 'A', 'C#', 'E', 'A', 'A', 'C#', 'E', 'A', 'A', 'C#', 'E', 'A', 'A', 'C#', 'E', 'A', 'A', 'C#', 'E', 'A', 'A', 'C#', 'E', 'A', 'A', 'C#', 'E', 'A', 'A', 'C#', 'E', 'A', 'A', 'C#', 'E', 'A', 'A', 'C#', 'E', 'A', 'A', 'C#', 'E', 'A', 'A', 'C#', 'E', 'A', 'A', 'C#', 'E', 'A', 'A', 'C#', 'E', 'A', 'A', 'C#', 'E', 'A', 'A', 'C#', 'E', 'A', 'A', 'C#', 'E', 'A', 'A', 'C#', 'E', 'A', 'A', 'C#', 'E', 'A', 'A', 'C#', 'E', 'A', 'A', 'C#', 'E', 'A', 'A', 'C#', 'E', 'A', 'A', 'C#', 'E', 'A', 'A', 'C#', 'E', 'A', 'A', 'C#', 'E', 'A', 'A', 'C#', 'E', 'A', 'A', 'C#', 'E', 'A', 'A', 'C#', 'E', 'A']	0.0	0.0	0.0	0.0
5.625	4.0	2.0	['A2', 'C#4', 'E4', 'A4']	['M3', 'P5', 'P1']	[False, False, False, False]	2.0	4.0	5.0	I	4.0	('A', 'C#', 'E')	A	C#	E	A	A	0.0	maj	(1, 4, 9)	A	A	1	None	False	['A', 'C#', 'E', 'A', 'A', 'C#', 'E', 'A', 'A', 'C#', 'E', 'A', 'A', 'C#', 'E', 'A', 'A', 'C#', 'E', 'A', 'A', 'C#', 'E', 'A', 'A', 'C#', 'E', 'A', 'A', 'C#', 'E', 'A', 'A', 'C#', 'E', 'A', 'A', 'C#', 'E', 'A', 'A', 'C#', 'E', 'A', 'A', 'C#', 'E', 'A', 'A', 'C#', 'E', 'A', 'A', 'C#', 'E', 'A', 'A', 'C#', 'E', 'A', 'A', 'C#', 'E', 'A', 'A', 'C#', 'E', 'A', 'A', 'C#', 'E', 'A', 'A', 'C#', 'E', 'A', 'A', 'C#', 'E', 'A', 'A', 'C#', 'E', 'A', 'A', 'C#', 'E', 'A', 'A', 'C#', 'E', 'A', 'A', 'C#', 'E', 'A', 'A', 'C#', 'E', 'A', 'A', 'C#', 'E', 'A', 'A', 'C#', 'E', 'A', 'A', 'C#', 'E', 'A', 'A', 'C#', 'E', 'A', 'A', 'C#', 'E', 'A', 'A', 'C#', 'E', 'A', 'A', 'C#', 'E', 'A']	0.0	0.0	0.0	0.0
5.75	4.0	2.0	['A2', 'C#4', 'E4', 'A4']	['M3', 'P5', 'P1']	[False, False, False, False]	2.0	4.0	5.0	I	4.0	('A', 'C#', 'E')	A	C#	E	A	A	0.0	maj	(1, 4, 9)	A	A	1	None	False	['A', 'C#', 'E', 'A', 'A', 'C#', 'E', 'A', 'A', 'C#', 'E', 'A', 'A', 'C#', 'E', 'A', 'A', 'C#', 'E', 'A', 'A', 'C#', 'E', 'A', 'A', 'C#', 'E', 'A', 'A', 'C#', 'E', 'A', 'A', 'C#', 'E', 'A', 'A', 'C#', 'E', 'A', 'A', 'C#', 'E', 'A', 'A', 'C#', 'E', 'A', 'A', 'C#', 'E', 'A', 'A', 'C#', 'E', 'A', 'A', 'C#', 'E', 'A', 'A', 'C#', 'E', 'A', 'A', 'C#', 'E', 'A', 'A', 'C#', 'E', 'A', 'A', 'C#', 'E', 'A', 'A', 'C#', 'E', 'A', 'A', 'C#', 'E', 'A', 'A', 'C#', 'E', 'A', 'A', 'C#', 'E', 'A', 'A', 'C#', 'E', 'A', 'A', 'C#', 'E', 'A', 'A', 'C#', 'E', 'A', 'A', 'C#', 'E', 'A', 'A', 'C#', 'E', 'A', 'A', 'C#', 'E', 'A', 'A', 'C#', 'E', 'A', 'A', 'C#', 'E', 'A', 'A', 'C#', 'E', 'A']	0.0	0.0	0.0	0.0
5.875	4.0	2.0	['A2', 'C#4', 'E4', 'A4']	['M3', 'P5', 'P1']	[False, False, False, False]	2.0	4.0	5.0	I	4.0	('A', 'C#', 'E')	A	C#	E	A	A	0.0	maj	(1, 4, 9)	A	A	1	None	False	['A', 'C#', 'E', 'A', 'A', 'C#', 'E', 'A', 'A', 'C#', 'E', 'A', 'A', 'C#', 'E', 'A', 'A', 'C#', 'E', 'A', 'A', 'C#', 'E', 'A', 'A', 'C#', 'E', 'A', 'A', 'C#', 'E', 'A', 'A', 'C#', 'E', 'A', 'A', 'C#', 'E', 'A', 'A', 'C#', 'E', 'A', 'A', 'C#', 'E', 'A', 'A', 'C#', 'E', 'A', 'A', 'C#', 'E', 'A', 'A', 'C#', 'E', 'A', 'A', 'C#', 'E', 'A', 'A', 'C#', 'E', 'A', 'A', 'C#', 'E', 'A', 'A', 'C#', 'E', 'A', 'A', 'C#', 'E', 'A', 'A', 'C#', 'E', 'A', 'A', 'C#', 'E', 'A', 'A', 'C#', 'E', 'A', 'A', 'C#', 'E', 'A', 'A', 'C#', 'E', 'A', 'A', 'C#', 'E', 'A', 'A', 'C#', 'E', 'A', 'A', 'C#', 'E', 'A', 'A', 'C#', 'E', 'A', 'A', 'C#', 'E', 'A', 'A', 'C#', 'E', 'A', 'A', 'C#', 'E', 'A']	0.0	0.0	0.0	0.0
6.0	4.0	2.0	['A2', 'C#4', 'E4', 'A4']	['M3', 'P5', 'P1']	[False, False, False, False]	2.0	4.0	5.0	I	5.0	('A', 'C#', 'E')	A	C#	E	A	A	0.0	maj	(1, 4, 9)	A	A	1	None	False	['A', 'C#', 'E', 'A', 'A', 'C#', 'E', 'A', 'A', 'C#', 'E', 'A', 'A', 'C#', 'E', 'A', 'A', 'C#', 'E', 'A', 'A', 'C#', 'E', 'A', 'A', 'C#', 'E', 'A', 'A', 'C#', 'E', 'A', 'A', 'C#', 'E', 'A', 'A', 'C#', 'E', 'A', 'A', 'C#', 'E', 'A', 'A', 'C#', 'E', 'A', 'A', 'C#', 'E', 'A', 'A', 'C#', 'E', 'A', 'A', 'C#', 'E', 'A', 'A', 'C#', 'E', 'A', 'A', 'C#', 'E', 'A', 'A', 'C#', 'E', 'A', 'A', 'C#', 'E', 'A', 'A', 'C#', 'E', 'A', 'A', 'C#', 'E', 'A', 'A', 'C#', 'E', 'A', 'A', 'C#', 'E', 'A', 'A', 'C#', 'E', 'A', 'A', 'C#', 'E', 'A', 'A', 'C#', 'E', 'A', 'A', 'C#', 'E', 'A', 'A', 'C#', 'E', 'A', 'A', 'C#', 'E', 'A', 'A', 'C#', 'E', 'A', 'A', 'C#', 'E', 'A', 'A', 'C#', 'E', 'A']	0.0	0.0	0.0	0.0
6.125	4.0	2.0	['A2', 'C#4', 'E4', 'A4']	['M3', 'P5', 'P1']	[False, False, False, False]	2.0	4.0	5.0	I	5.0	('A', 'C#', 'E')	A	C#	E	A	A	0.0	maj	(1, 4, 9)	A	A	1	None	False	['A', 'C#', 'E', 'A', 'A', 'C#', 'E', 'A', 'A', 'C#', 'E', 'A', 'A', 'C#', 'E', 'A', 'A', 'C#', 'E', 'A', 'A', 'C#', 'E', 'A', 'A', 'C#', 'E', 'A', 'A', 'C#', 'E', 'A', 'A', 'C#', 'E', 'A', 'A', 'C#', 'E', 'A', 'A', 'C#', 'E', 'A', 'A', 'C#', 'E', 'A', 'A', 'C#', 'E', 'A', 'A', 'C#', 'E', 'A', 'A', 'C#', 'E', 'A', 'A', 'C#', 'E', 'A', 'A', 'C#', 'E', 'A', 'A', 'C#', 'E', 'A', 'A', 'C#', 'E', 'A', 'A', 'C#', 'E', 'A', 'A', 'C#', 'E', 'A', 'A', 'C#', 'E', 'A', 'A', 'C#', 'E', 'A', 'A', 'C#', 'E', 'A', 'A', 'C#', 'E', 'A', 'A', 'C#', 'E', 'A', 'A', 'C#', 'E', 'A', 'A', 'C#', 'E', 'A', 'A', 'C#', 'E', 'A', 'A', 'C#', 'E', 'A', 'A', 'C#', 'E', 'A', 'A', 'C#', 'E', 'A']	0.0	0.0	0.0	0.0
6.25	4.0	2.0	['A2', 'C#4', 'E4', 'A4']	['M3', 'P5', 'P1']	[False, False, False, False]	2.0	4.0	5.0	I	5.0	('A', 'C#', 'E')	A	C#	E	A	A	0.0	maj	(1, 4, 9)	A	A	1	None	False	['A', 'C#', 'E', 'A', 'A', 'C#', 'E', 'A', 'A', 'C#', 'E', 'A', 'A', 'C#', 'E', 'A', 'A', 'C#', 'E', 'A', 'A', 'C#', 'E', 'A', 'A', 'C#', 'E', 'A', 'A', 'C#', 'E', 'A', 'A', 'C#', 'E', 'A', 'A', 'C#', 'E', 'A', 'A', 'C#', 'E', 'A', 'A', 'C#', 'E', 'A', 'A', 'C#', 'E', 'A', 'A', 'C#', 'E', 'A', 'A', 'C#', 'E', 'A', 'A', 'C#', 'E', 'A', 'A', 'C#', 'E', 'A', 'A', 'C#', 'E', 'A', 'A', 'C#', 'E', 'A', 'A', 'C#', 'E', 'A', 'A', 'C#', 'E', 'A', 'A', 'C#', 'E', 'A', 'A', 'C#', 'E', 'A', 'A', 'C#', 'E', 'A', 'A', 'C#', 'E', 'A', 'A', 'C#', 'E', 'A', 'A', 'C#', 'E', 'A', 'A', 'C#', 'E', 'A', 'A', 'C#', 'E', 'A', 'A', 'C#', 'E', 'A', 'A', 'C#', 'E', 'A', 'A', 'C#', 'E', 'A']	0.0	0.0	0.0	0.0
6.375	4.0	2.0	['A2', 'C#4', 'E4', 'A4']	['M3', 'P5', 'P1']	[False, False, False, False]	2.0	4.0	5.0	I	5.0	('A', 'C#', 'E')	A	C#	E	A	A	0.0	maj	(1, 4, 9)	A	A	1	None	False	['A', 'C#', 'E', 'A', 'A', 'C#', 'E', 'A', 'A', 'C#', 'E', 'A', 'A', 'C#', 'E', 'A', 'A', 'C#', 'E', 'A', 'A', 'C#', 'E', 'A', 'A', 'C#', 'E', 'A', 'A', 'C#', 'E', 'A', 'A', 'C#', 'E', 'A', 'A', 'C#', 'E', 'A', 'A', 'C#', 'E', 'A', 'A', 'C#', 'E', 'A', 'A', 'C#', 'E', 'A', 'A', 'C#', 'E', 'A', 'A', 'C#', 'E', 'A', 'A', 'C#', 'E', 'A', 'A', 'C#', 'E', 'A', 'A', 'C#', 'E', 'A', 'A', 'C#', 'E', 'A', 'A', 'C#', 'E', 'A', 'A', 'C#', 'E', 'A', 'A', 'C#', 'E', 'A', 'A', 'C#', 'E', 'A', 'A', 'C#', 'E', 'A', 'A', 'C#', 'E', 'A', 'A', 'C#', 'E', 'A', 'A', 'C#', 'E', 'A', 'A', 'C#', 'E', 'A', 'A', 'C#', 'E', 'A', 'A', 'C#', 'E', 'A', 'A', 'C#', 'E', 'A', 'A', 'C#', 'E', 'A']	0.0	0.0	0.0	0.0
6.5	4.0	2.0	['A2', 'C#4', 'E4', 'A4']	['M3', 'P5', 'P1']	[False, False, False, False]	2.0	4.0	5.0	I	5.0	('A', 'C#', 'E')	A	C#	E	A	A	0.0	maj	(1, 4, 9)	A	A	1	None	False	['A', 'C#', 'E', 'A', 'A', 'C#', 'E', 'A', 'A', 'C#', 'E', 'A', 'A', 'C#', 'E', 'A', 'A', 'C#', 'E', 'A', 'A', 'C#', 'E', 'A', 'A', 'C#', 'E', 'A', 'A', 'C#', 'E', 'A', 'A', 'C#', 'E', 'A', 'A', 'C#', 'E', 'A', 'A', 'C#', 'E', 'A', 'A', 'C#', 'E', 'A', 'A', 'C#', 'E', 'A', 'A', 'C#', 'E', 'A', 'A', 'C#', 'E', 'A', 'A', 'C#', 'E', 'A', 'A', 'C#', 'E', 'A', 'A', 'C#', 'E', 'A', 'A', 'C#', 'E', 'A', 'A', 'C#', 'E', 'A', 'A', 'C#', 'E', 'A', 'A', 'C#', 'E', 'A', 'A', 'C#', 'E', 'A', 'A', 'C#', 'E', 'A', 'A', 'C#', 'E', 'A', 'A', 'C#', 'E', 'A', 'A', 'C#', 'E', 'A', 'A', 'C#', 'E', 'A', 'A', 'C#', 'E', 'A', 'A', 'C#', 'E', 'A', 'A', 'C#', 'E', 'A', 'A', 'C#', 'E', 'A']	0.0	0.0	0.0	0.0
6.625	4.0	2.0	['A2', 'C#4', 'E4', 'A4']	['M3', 'P5', 'P1']	[False, False, False, False]	2.0	4.0	5.0	I	5.0	('A', 'C#', 'E')	A	C#	E	A	A	0.0	maj	(1, 4, 9)	A	A	1	None	False	['A', 'C#', 'E', 'A', 'A', 'C#', 'E', 'A', 'A', 'C#', 'E', 'A', 'A', 'C#', 'E', 'A', 'A', 'C#', 'E', 'A', 'A', 'C#', 'E', 'A', 'A', 'C#', 'E', 'A', 'A', 'C#', 'E', 'A', 'A', 'C#', 'E', 'A', 'A', 'C#', 'E', 'A', 'A', 'C#', 'E', 'A', 'A', 'C#', 'E', 'A', 'A', 'C#', 'E', 'A', 'A', 'C#', 'E', 'A', 'A', 'C#', 'E', 'A', 'A', 'C#', 'E', 'A', 'A', 'C#', 'E', 'A', 'A', 'C#', 'E', 'A', 'A', 'C#', 'E', 'A', 'A', 'C#', 'E', 'A', 'A', 'C#', 'E', 'A', 'A', 'C#', 'E', 'A', 'A', 'C#', 'E', 'A', 'A', 'C#', 'E', 'A', 'A', 'C#', 'E', 'A', 'A', 'C#', 'E', 'A', 'A', 'C#', 'E', 'A', 'A', 'C#', 'E', 'A', 'A', 'C#', 'E', 'A', 'A', 'C#', 'E', 'A', 'A', 'C#', 'E', 'A', 'A', 'C#', 'E', 'A']	0.0	0.0	0.0	0.0
6.75	4.0	2.0	['A2', 'C#4', 'E4', 'A4']	['M3', 'P5', 'P1']	[False, False, False, False]	2.0	4.0	5.0	I	5.0	('A', 'C#', 'E')	A	C#	E	A	A	0.0	maj	(1, 4, 9)	A	A	1	None	False	['A', 'C#', 'E', 'A', 'A', 'C#', 'E', 'A', 'A', 'C#', 'E', 'A', 'A', 'C#', 'E', 'A', 'A', 'C#', 'E', 'A', 'A', 'C#', 'E', 'A', 'A', 'C#', 'E', 'A', 'A', 'C#', 'E', 'A', 'A', 'C#', 'E', 'A', 'A', 'C#', 'E', 'A', 'A', 'C#', 'E', 'A', 'A', 'C#', 'E', 'A', 'A', 'C#', 'E', 'A', 'A', 'C#', 'E', 'A', 'A', 'C#', 'E', 'A', 'A', 'C#', 'E', 'A', 'A', 'C#', 'E', 'A', 'A', 'C#', 'E', 'A', 'A', 'C#', 'E', 'A', 'A', 'C#', 'E', 'A', 'A', 'C#', 'E', 'A', 'A', 'C#', 'E', 'A', 'A', 'C#', 'E', 'A', 'A', 'C#', 'E', 'A', 'A', 'C#', 'E', 'A', 'A', 'C#', 'E', 'A', 'A', 'C#', 'E', 'A', 'A', 'C#', 'E', 'A', 'A', 'C#', 'E', 'A', 'A', 'C#', 'E', 'A', 'A', 'C#', 'E', 'A', 'A', 'C#', 'E', 'A']	0.0	0.0	0.0	0.0
6.875	4.0	2.0	['A2', 'C#4', 'E4', 'A4']	['M3', 'P5', 'P1']	[False, False, False, False]	2.0	4.0	5.0	I	5.0	('A', 'C#', 'E')	A	C#	E	A	A	0.0	maj	(1, 4, 9)	A	A	1	None	False	['A', 'C#', 'E', 'A', 'A', 'C#', 'E', 'A', 'A', 'C#', 'E', 'A', 'A', 'C#', 'E', 'A', 'A', 'C#', 'E', 'A', 'A', 'C#', 'E', 'A', 'A', 'C#', 'E', 'A', 'A', 'C#', 'E', 'A', 'A', 'C#', 'E', 'A', 'A', 'C#', 'E', 'A', 'A', 'C#', 'E', 'A', 'A', 'C#', 'E', 'A', 'A', 'C#', 'E', 'A', 'A', 'C#', 'E', 'A', 'A', 'C#', 'E', 'A', 'A', 'C#', 'E', 'A', 'A', 'C#', 'E', 'A', 'A', 'C#', 'E', 'A', 'A', 'C#', 'E', 'A', 'A', 'C#', 'E', 'A', 'A', 'C#', 'E', 'A', 'A', 'C#', 'E', 'A', 'A', 'C#', 'E', 'A', 'A', 'C#', 'E', 'A', 'A', 'C#', 'E', 'A', 'A', 'C#', 'E', 'A', 'A', 'C#', 'E', 'A', 'A', 'C#', 'E', 'A', 'A', 'C#', 'E', 'A', 'A', 'C#', 'E', 'A', 'A', 'C#', 'E', 'A', 'A', 'C#', 'E', 'A']	0.0	0.0	0.0	0.0
7.0	4.0	2.0	['A2', 'C#4', 'E4', 'A4']	['M3', 'P5', 'P1']	[False, False, False, False]	2.0	4.0	5.0	I	5.0	('A', 'C#', 'E')	A	C#	E	A	A	0.0	maj	(1, 4, 9)	A	A	1	None	False	['A', 'C#', 'E', 'A', 'A', 'C#', 'E', 'A', 'A', 'C#', 'E', 'A', 'A', 'C#', 'E', 'A', 'A', 'C#', 'E', 'A', 'A', 'C#', 'E', 'A', 'A', 'C#', 'E', 'A', 'A', 'C#', 'E', 'A', 'A', 'C#', 'E', 'A', 'A', 'C#', 'E', 'A', 'A', 'C#', 'E', 'A', 'A', 'C#', 'E', 'A', 'A', 'C#', 'E', 'A', 'A', 'C#', 'E', 'A', 'A', 'C#', 'E', 'A', 'A', 'C#', 'E', 'A', 'A', 'C#', 'E', 'A', 'A', 'C#', 'E', 'A', 'A', 'C#', 'E', 'A', 'A', 'C#', 'E', 'A', 'A', 'C#', 'E', 'A', 'A', 'C#', 'E', 'A', 'A', 'C#', 'E', 'A', 'A', 'C#', 'E', 'A', 'A', 'C#', 'E', 'A', 'A', 'C#', 'E', 'A', 'A', 'C#', 'E', 'A', 'A', 'C#', 'E', 'A', 'A', 'C#', 'E', 'A', 'A', 'C#', 'E', 'A', 'A', 'C#', 'E', 'A', 'A', 'C#', 'E', 'A']	0.0	0.0	0.0	0.0
7.125	4.0	2.0	['A2', 'C#4', 'E4', 'A4']	['M3', 'P5', 'P1']	[False, False, False, False]	2.0	4.0	5.0	I	5.0	('A', 'C#', 'E')	A	C#	E	A	A	0.0	maj	(1, 4, 9)	A	A	1	None	False	['A', 'C#', 'E', 'A', 'A', 'C#', 'E', 'A', 'A', 'C#', 'E', 'A', 'A', 'C#', 'E', 'A', 'A', 'C#', 'E', 'A', 'A', 'C#', 'E', 'A', 'A', 'C#', 'E', 'A', 'A', 'C#', 'E', 'A', 'A', 'C#', 'E', 'A', 'A', 'C#', 'E', 'A', 'A', 'C#', 'E', 'A', 'A', 'C#', 'E', 'A', 'A', 'C#', 'E', 'A', 'A', 'C#', 'E', 'A', 'A', 'C#', 'E', 'A', 'A', 'C#', 'E', 'A', 'A', 'C#', 'E', 'A', 'A', 'C#', 'E', 'A', 'A', 'C#', 'E', 'A', 'A', 'C#', 'E', 'A', 'A', 'C#', 'E', 'A', 'A', 'C#', 'E', 'A', 'A', 'C#', 'E', 'A', 'A', 'C#', 'E', 'A', 'A', 'C#', 'E', 'A', 'A', 'C#', 'E', 'A', 'A', 'C#', 'E', 'A', 'A', 'C#', 'E', 'A', 'A', 'C#', 'E', 'A', 'A', 'C#', 'E', 'A', 'A', 'C#', 'E', 'A', 'A', 'C#', 'E', 'A']	0.0	0.0	0.0	0.0
7.25	4.0	2.0	['A2', 'C#4', 'E4', 'A4']	['M3', 'P5', 'P1']	[False, False, False, False]	2.0	4.0	5.0	I	5.0	('A', 'C#', 'E')	A	C#	E	A	A	0.0	maj	(1, 4, 9)	A	A	1	None	False	['A', 'C#', 'E', 'A', 'A', 'C#', 'E', 'A', 'A', 'C#', 'E', 'A', 'A', 'C#', 'E', 'A', 'A', 'C#', 'E', 'A', 'A', 'C#', 'E', 'A', 'A', 'C#', 'E', 'A', 'A', 'C#', 'E', 'A', 'A', 'C#', 'E', 'A', 'A', 'C#', 'E', 'A', 'A', 'C#', 'E', 'A', 'A', 'C#', 'E', 'A', 'A', 'C#', 'E', 'A', 'A', 'C#', 'E', 'A', 'A', 'C#', 'E', 'A', 'A', 'C#', 'E', 'A', 'A', 'C#', 'E', 'A', 'A', 'C#', 'E', 'A', 'A', 'C#', 'E', 'A', 'A', 'C#', 'E', 'A', 'A', 'C#', 'E', 'A', 'A', 'C#', 'E', 'A', 'A', 'C#', 'E', 'A', 'A', 'C#', 'E', 'A', 'A', 'C#', 'E', 'A', 'A', 'C#', 'E', 'A', 'A', 'C#', 'E', 'A', 'A', 'C#', 'E', 'A', 'A', 'C#', 'E', 'A', 'A', 'C#', 'E', 'A', 'A', 'C#', 'E', 'A', 'A', 'C#', 'E', 'A']	0.0	0.0	0.0	0.0
7.375	4.0	2.0	['A2', 'C#4', 'E4', 'A4']	['M3', 'P5', 'P1']	[False, False, False, False]	2.0	4.0	5.0	I	5.0	('A', 'C#', 'E')	A	C#	E	A	A	0.0	maj	(1, 4, 9)	A	A	1	None	False	['A', 'C#', 'E', 'A', 'A', 'C#', 'E', 'A', 'A', 'C#', 'E', 'A', 'A', 'C#', 'E', 'A', 'A', 'C#', 'E', 'A', 'A', 'C#', 'E', 'A', 'A', 'C#', 'E', 'A', 'A', 'C#', 'E', 'A', 'A', 'C#', 'E', 'A', 'A', 'C#', 'E', 'A', 'A', 'C#', 'E', 'A', 'A', 'C#', 'E', 'A', 'A', 'C#', 'E', 'A', 'A', 'C#', 'E', 'A', 'A', 'C#', 'E', 'A', 'A', 'C#', 'E', 'A', 'A', 'C#', 'E', 'A', 'A', 'C#', 'E', 'A', 'A', 'C#', 'E', 'A', 'A', 'C#', 'E', 'A', 'A', 'C#', 'E', 'A', 'A', 'C#', 'E', 'A', 'A', 'C#', 'E', 'A', 'A', 'C#', 'E', 'A', 'A', 'C#', 'E', 'A', 'A', 'C#', 'E', 'A', 'A', 'C#', 'E', 'A', 'A', 'C#', 'E', 'A', 'A', 'C#', 'E', 'A', 'A', 'C#', 'E', 'A', 'A', 'C#', 'E', 'A', 'A', 'C#', 'E', 'A']	0.0	0.0	0.0	0.0
7.5	4.0	2.0	['A2', 'C#4', 'E4', 'A4']	['M3', 'P5', 'P1']	[False, False, False, False]	2.0	4.0	5.0	I	5.0	('A', 'C#', 'E')	A	C#	E	A	A	0.0	maj	(1, 4, 9)	A	A	1	None	False	['A', 'C#', 'E', 'A', 'A', 'C#', 'E', 'A', 'A', 'C#', 'E', 'A', 'A', 'C#', 'E', 'A', 'A', 'C#', 'E', 'A', 'A', 'C#', 'E', 'A', 'A', 'C#', 'E', 'A', 'A', 'C#', 'E', 'A', 'A', 'C#', 'E', 'A', 'A', 'C#', 'E', 'A', 'A', 'C#', 'E', 'A', 'A', 'C#', 'E', 'A', 'A', 'C#', 'E', 'A', 'A', 'C#', 'E', 'A', 'A', 'C#', 'E', 'A', 'A', 'C#', 'E', 'A', 'A', 'C#', 'E', 'A', 'A', 'C#', 'E', 'A', 'A', 'C#', 'E', 'A', 'A', 'C#', 'E', 'A', 'A', 'C#', 'E', 'A', 'A', 'C#', 'E', 'A', 'A', 'C#', 'E', 'A', 'A', 'C#', 'E', 'A', 'A', 'C#', 'E', 'A', 'A', 'C#', 'E', 'A', 'A', 'C#', 'E', 'A', 'A', 'C#', 'E', 'A', 'A', 'C#', 'E', 'A', 'A', 'C#', 'E', 'A', 'A', 'C#', 'E', 'A', 'A', 'C#', 'E', 'A']	0.0	0.0	0.0	0.0
7.625	4.0	2.0	['A2', 'C#4', 'E4', 'A4']	['M3', 'P5', 'P1']	[False, False, False, False]	2.0	4.0	5.0	I	5.0	('A', 'C#', 'E')	A	C#	E	A	A	0.0	maj	(1, 4, 9)	A	A	1	None	False	['A', 'C#', 'E', 'A', 'A', 'C#', 'E', 'A', 'A', 'C#', 'E', 'A', 'A', 'C#', 'E', 'A', 'A', 'C#', 'E', 'A', 'A', 'C#', 'E', 'A', 'A', 'C#', 'E', 'A', 'A', 'C#', 'E', 'A', 'A', 'C#', 'E', 'A', 'A', 'C#', 'E', 'A', 'A', 'C#', 'E', 'A', 'A', 'C#', 'E', 'A', 'A', 'C#', 'E', 'A', 'A', 'C#', 'E', 'A', 'A', 'C#', 'E', 'A', 'A', 'C#', 'E', 'A', 'A', 'C#', 'E', 'A', 'A', 'C#', 'E', 'A', 'A', 'C#', 'E', 'A', 'A', 'C#', 'E', 'A', 'A', 'C#', 'E', 'A', 'A', 'C#', 'E', 'A', 'A', 'C#', 'E', 'A', 'A', 'C#', 'E', 'A', 'A', 'C#', 'E', 'A', 'A', 'C#', 'E', 'A', 'A', 'C#', 'E', 'A', 'A', 'C#', 'E', 'A', 'A', 'C#', 'E', 'A', 'A', 'C#', 'E', 'A', 'A', 'C#', 'E', 'A', 'A', 'C#', 'E', 'A']	0.0	0.0	0.0	0.0
7.75	4.0	2.0	['A2', 'C#4', 'E4', 'A4']	['M3', 'P5', 'P1']	[False, False, False, False]	2.0	4.0	5.0	I	5.0	('A', 'C#', 'E')	A	C#	E	A	A	0.0	maj	(1, 4, 9)	A	A	1	None	False	['A', 'C#', 'E', 'A', 'A', 'C#', 'E', 'A', 'A', 'C#', 'E', 'A', 'A', 'C#', 'E', 'A', 'A', 'C#', 'E', 'A', 'A', 'C#', 'E', 'A', 'A', 'C#', 'E', 'A', 'A', 'C#', 'E', 'A', 'A', 'C#', 'E', 'A', 'A', 'C#', 'E', 'A', 'A', 'C#', 'E', 'A', 'A', 'C#', 'E', 'A', 'A', 'C#', 'E', 'A', 'A', 'C#', 'E', 'A', 'A', 'C#', 'E', 'A', 'A', 'C#', 'E', 'A', 'A', 'C#', 'E', 'A', 'A', 'C#', 'E', 'A', 'A', 'C#', 'E', 'A', 'A', 'C#', 'E', 'A', 'A', 'C#', 'E', 'A', 'A', 'C#', 'E', 'A', 'A', 'C#', 'E', 'A', 'A', 'C#', 'E', 'A', 'A', 'C#', 'E', 'A', 'A', 'C#', 'E', 'A', 'A', 'C#', 'E', 'A', 'A', 'C#', 'E', 'A', 'A', 'C#', 'E', 'A', 'A', 'C#', 'E', 'A', 'A', 'C#', 'E', 'A', 'A', 'C#', 'E', 'A']	0.0	0.0	0.0	0.0
7.875	4.0	2.0	['A2', 'C#4', 'E4', 'A4']	['M3', 'P5', 'P1']	[False, False, False, False]	2.0	4.0	5.0	I	5.0	('A', 'C#', 'E')	A	C#	E	A	A	0.0	maj	(1, 4, 9)	A	A	1	None	False	['A', 'C#', 'E', 'A', 'A', 'C#', 'E', 'A', 'A', 'C#', 'E', 'A', 'A', 'C#', 'E', 'A', 'A', 'C#', 'E', 'A', 'A', 'C#', 'E', 'A', 'A', 'C#', 'E', 'A', 'A', 'C#', 'E', 'A', 'A', 'C#', 'E', 'A', 'A', 'C#', 'E', 'A', 'A', 'C#', 'E', 'A', 'A', 'C#', 'E', 'A', 'A', 'C#', 'E', 'A', 'A', 'C#', 'E', 'A', 'A', 'C#', 'E', 'A', 'A', 'C#', 'E', 'A', 'A', 'C#', 'E', 'A', 'A', 'C#', 'E', 'A', 'A', 'C#', 'E', 'A', 'A', 'C#', 'E', 'A', 'A', 'C#', 'E', 'A', 'A', 'C#', 'E', 'A', 'A', 'C#', 'E', 'A', 'A', 'C#', 'E', 'A', 'A', 'C#', 'E', 'A', 'A', 'C#', 'E', 'A', 'A', 'C#', 'E', 'A', 'A', 'C#', 'E', 'A', 'A', 'C#', 'E', 'A', 'A', 'C#', 'E', 'A', 'A', 'C#', 'E', 'A', 'A', 'C#', 'E', 'A']	0.0	0.0	0.0	0.0
